,GAP,Time,Nodes,Obj,Type,Form
0,,,,,Grid,Stages
1,0.8178657655797462,3600.1479048728943,140437.0,2611.706142022569,Grid,MTZ
2,0.7736817515347055,3600.123805999756,201769.0,2511.5725247623345,Grid,SEC
3,0.9497946673175467,3600.1497321128845,57244.0,2254.561134827259,Delauney,Stages
4,0.8690764213066652,3600.2079610824585,29652.0,2407.032288804577,Delauney,MTZ
5,0.8456792991562669,3600.2284409999847,112426.0,2501.2668132415033,Delauney,SEC
6,,,,,Grid,Stages
7,0.7871701991783702,3600.1808021068573,73956.0,2206.06537712845,Grid,MTZ
8,0.8167633478477321,3600.1203899383545,18902.0,2879.653038694358,Grid,SEC
9,0.9680817188809397,3600.3444998264313,24800.0,1711.5111240151234,Delauney,Stages
10,,,,,Delauney,MTZ
11,0.9085505484446987,3600.1988229751587,87025.0,2166.356894304686,Delauney,SEC
12,,,,,Grid,Stages
13,0.7964013717447397,3600.0702879428864,9125.0,3473.9250982610874,Grid,MTZ
14,,,,,Grid,SEC
15,,,,,Delauney,Stages
16,0.802187787536508,3600.279392004013,30839.0,2857.5177650236674,Delauney,MTZ
17,0.7898914413787427,3600.207056045532,8211.0,2695.030618287097,Delauney,SEC
18,0.937682642958805,3600.3017570972443,29707.0,3210.1283411801696,Grid,Stages
19,0.7563892528534559,3600.0548498630524,208538.0,2652.4679188495534,Grid,MTZ
20,,,,,Grid,SEC
21,0.9620384231388778,3600.088068008423,54986.0,2280.684003287901,Delauney,Stages
22,,,,,Delauney,MTZ
23,,,,,Delauney,SEC
24,0.949849720376629,3600.383693933487,14635.0,3833.1819154659242,Grid,Stages
25,0.8462357334907515,3600.1698338985443,67781.0,3125.4846992737002,Grid,MTZ
26,0.8012880818865799,3600.1537840366364,37047.0,2418.5155416565617,Grid,SEC
27,0.9660102905467268,3600.1538310050964,43994.0,2901.8964274446234,Delauney,Stages
28,0.8959156528014197,3600.16699719429,43426.0,2369.1030180705216,Delauney,MTZ
29,,,,,Delauney,SEC
